,Variables,Missing_percentage
0,fare_amount,17.16989354416983
1,pickup_longitude,15.669551142376893
2,pickup_latitude,13.58401294901326
3,dropoff_longitude,11.853327522878665
4,dropoff_latitude,8.15538815912345
5,passenger_count,2.004606860486833
